{"cameraMode":{"drawMode":0,"name":"Shaded","section":"Shading Mode"},"sceneLighting":true,"audioPlay":false,"sceneViewState":{"showFog":true,"showMaterialUpdate":true,"showSkybox":true,"showFlares":true,"showImageEffects":true,"showParticleSystems":true},"in2DMode":false,"pivot":{"x":-164.1999969482422,"y":50.599998474121097,"z":-36.900001525878909},"rotation":{"x":-0.006111454218626022,"y":-0.9733418226242065,"z":0.02610357291996479,"w":-0.22778712213039399},"size":22.0,"orthographic":true}